{"cameraMode":{"drawMode":0,"name":"Shaded","section":"Shading Mode"},"sceneLighting":true,"audioPlay":false,"sceneViewState":{"showFog":true,"showMaterialUpdate":false,"showSkybox":true,"showFlares":true,"showImageEffects":true,"showParticleSystems":true},"in2DMode":false,"pivot":{"x":0.021866045892238618,"y":3.3504183292388918,"z":1.1990491151809693},"rotation":{"x":-0.0029812969733029606,"y":0.11226342618465424,"z":0.0003344000724609941,"w":0.9936795234680176},"size":15.557372093200684,"orthographic":false}